{
    "setup":{
        "op0": {
        		"clear_level":{
        			"a" : 0.0,	
        			"b" : 0.0,
        			"g" : 0.0470588244497776,
        			"r" : 0.10588235408067703},
        			"type" : "lighting_clear",
        			"use_cache" : false},
        "op1": 
        		{"radius":1,
        		"type":"ambient_occlusion"},
        "op2": {	
        	"color":{
        		"a":0.0,
        		"b":0.1568627506494522,
        		"g":0.125490203499794,
        		"r":0.0},
        		"decay_power":0.8460000157356262,
        		"phi":-0.7319999933242798,
        		"theta":1.8650000095367432,
        		"type":"directional_lighting"},
        "num_ops": 3
    },
    "frame0":{
        "op0": {"type":"rotate_vertical", 
        			"amount": 0.2},
        "num_ops": 1 
    },
    "frame1":{
        "op0": {"type":"rotate_vertical", "amount":0.2},
        "num_ops": 1 
    },
    "frame2":{
        "op0": {"type":"rotate_vertical", "amount":0.2},
        "op1": {"color":{"a":0.0,"b":0.2568627506494522,"g":0.125490203499794,"r":0.3},"decay_power":0.8460000157356262,"phi":-0.7319999933242798,"theta":-1.8650000095367432,"type":"directional_lighting"},
        "num_ops": 2 
    },
    "frame3":{
        "op0": {"type":"rotate_vertical", "amount":0.2},
        "num_ops": 1 
    },
    "frame4":{
        "op0": {"type":"rotate_vertical", "amount":0.2},
        "num_ops": 1 
    },
    "num_frames": 5
}
